addison_collection;collections;milton;instructions_and_moral;christianity;misc;entertainment;for_schools;magazines;ladies;steele;pope
T89166;N15829;T59213;N46318;T74589;T118173;T175636;T167174;T135036;T118977;T81482;T152369
T89167;T163762;N32814;N25210;N28942;T66913;T128707;T226553;P2570;T169632;;N66183
T170346;N29780;T134604;T129459;T74586;N54790;T66895;T230847;P2404;T175334;;T5446
T89184;T97977;T134621;T86695;T74583;T131564;T226120;T121412;P1934;T166062;;T177501
N10319;T127063;N26870;T129169;T118802;T117231;T10036;N5854;T93372;T223286;;T5463
N11313;T97990;N5703;T180336;T74593;T105889;T186338;T167207;P6382;T110765;;T5433
T88440;T97920;N52322;W17800;T74591;T153299;;T128581;P5995;;;T5432
;T98582;T170545;W21112;N9520;N6642;;T90314;;;;T230901
;T167216;T170403;T116459;N31224;T60866;;;;;;T5443
;T128606;T133893;W21114;T74587;T139126;;;;;;T5445
;T119423;T134603;T177698;T74590;T224739;;;;;;
;N32316;T170381;T123215;W32158;N12773;;;;;;
;T70715;T133901;W29726;N31223;T107268;;;;;;
;T167175;T153742;T210892;T74584;T130681;;;;;;
;T152606;T69987;T119955;T74585;T122944;;;;;;
;T70716;T133934;T117520;T126796;T140544;;;;;;
;N33149;T107643;T117520;T33596;T153844;;;;;;
;T185000;T89182;T119327;T74592;T197400;;;;;;
;N35708;T132846;T124742;P2926;R215418;;;;;;
;T207887;T170410;T16301;T101148;N3561;;;;;;
;T189114;N27264;N66398;N34864;T143096;;;;;;
;T47424;T133912;T129749;T59800;T61261;;;;;;
;T130366;T43624;W27675;T132168;T107275;;;;;;
;T75781;N34471;T230842;N47259;T52761;;;;;;
;T63320;T133909;T16300;N28084;N14855;;;;;;
;T92171;T133942;N20345;N24230;T59741;;;;;;
;T216874;N5701;T118537;T96439;T131512;;;;;;
;N2050;T133928;T53582;T133993;T91053;;;;;;
;W37814;N12056;T139895;T106240;T134620;;;;;;
;T118408;T210462;T16299;T28178;T115835;;;;;;
;T192794;T132981;T120761;P3066;T117529;;;;;;
;T179586;T133903;T223327;T164451;N25883;;;;;;
;T187039;N20430;T16298;T114582;T139428;;;;;;
;W11887;T134227;T181440;T96444;T126476;;;;;;
;N29557;T133896;W21116;N9953;T185929;;;;;;
;T98536;T134624;T177707;T137448;T52762;;;;;;
;T223149;T133904;T120443;T121516;T116310;;;;;;
;N16023;T153744;T54002;T179988;;;;;;;
;N21691;N40384;T119423;T59799;;;;;;;
;T2891;T134233;T114054;T105614;;;;;;;
;N21693;T59214;T131121;N21358;;;;;;;
;N12908;W31084;T186956;T104635;;;;;;;
;T97704;T173121;T231348;T118905;;;;;;;
;N20962;T108185;T188154;T95014;;;;;;;
;T128710;T170398;T119967;S117838;;;;;;;
;;R13351;T151642;N15990;;;;;;;
;;T135469;W13407;T141448;;;;;;;
;;T134228;T5339;T175623;;;;;;;
;;T133945;T171390;T115568;;;;;;;
;;T135450;T177272;T228758;;;;;;;
;;T170406;T130937;T228099;;;;;;;
;;N37997;T27815;N20757;;;;;;;
;;T170547;N7391;N20763;;;;;;;
;;T222607;T143734;T42652;;;;;;;
;;T83119;T143711;T173536;;;;;;;
;;N34469;T118022;N21249;;;;;;;
;;T43620;T115120;T130081;;;;;;;
;;T133938;T130263;T115328;;;;;;;
;;T133892;T151667;N20766;;;;;;;
;;T133907;T126614;T60727;;;;;;;
;;T134232;T140342;T129386;;;;;;;
;;T133911;T87969;T42653;;;;;;;
;;N37988;T171519;;;;;;;;
;;T170415;T130938;;;;;;;;
;;T170402;T153926;;;;;;;;
;;T136165;T114007;;;;;;;;
;;T170404;T222670;;;;;;;;
;;T133943;T73174;;;;;;;;
;;T165736;W25390;;;;;;;;
;;T170379;N24074;;;;;;;;
;;T133908;T127678;;;;;;;;
;;T170405;T100351;;;;;;;;
;;W31089;T92553;;;;;;;;
;;T133515;T95170;;;;;;;;
;;T170548;T196405;;;;;;;;
;;T133905;T55595;;;;;;;;
;;T133944;T95180;;;;;;;;
;;R13460;T118979;;;;;;;;
;;T133939;T211535;;;;;;;;
;;T170549;T227472;;;;;;;;
;;N37990;T85041;;;;;;;;
;;T170414;T80863;;;;;;;;
;;T172207;T100316;;;;;;;;
;;N34798;T77067;;;;;;;;
;;T133891;T105858;;;;;;;;
;;T180984;N24068;;;;;;;;
;;T170409;N24070;;;;;;;;
;;T175851;T207819;;;;;;;;
;;T133913;T207885;;;;;;;;
;;T170400;N35804;;;;;;;;
;;T203484;T203872;;;;;;;;
;;N37976;P6670;;;;;;;;
;;W31085;N15718;;;;;;;;
;;T133936;T102885;;;;;;;;
;;T166159;T199586;;;;;;;;
;;T219076;N9129;;;;;;;;
;;T133941;T224144;;;;;;;;
;;N37996;T132319;;;;;;;;
;;T134628;T102886;;;;;;;;
;;T133937;W29947;;;;;;;;
;;T133916;T103080;;;;;;;;
;;T133927;T190487;;;;;;;;
;;T133921;N24073;;;;;;;;
;;T135470;T109223;;;;;;;;
;;T134636;T205513;;;;;;;;
;;T133933;T175886;;;;;;;;
;;T170396;T120619;;;;;;;;
;;T134231;T103081;;;;;;;;
;;T134605;W37277;;;;;;;;
;;T133925;T224156;;;;;;;;
;;N32818;T62899;;;;;;;;
;;T135471;W2925;;;;;;;;
;;N32817;W38378;;;;;;;;
;;T133917;T128582;;;;;;;;
;;N32815;T105850;;;;;;;;
;;T133919;T202397;;;;;;;;
;;T133935;T178781;;;;;;;;
;;N45719;N37015;;;;;;;;
;;T134617;T87445;;;;;;;;
;;N15734;W11597;;;;;;;;
;;T116624;T207884;;;;;;;;
;;T194928;N65522;;;;;;;;
;;T97527;T129257;;;;;;;;
;;T134613;W13398;;;;;;;;
;;T134620;N5887;;;;;;;;
;;N33809;N19871;;;;;;;;
;;;T143374;;;;;;;;
;;;T4950;;;;;;;;
;;;T143733;;;;;;;;
;;;T95132;;;;;;;;
;;;P2050;;;;;;;;
;;;T105923;;;;;;;;
;;;T223056;;;;;;;;
;;;W20630;;;;;;;;
;;;T300078;;;;;;;;
;;;T121342;;;;;;;;
;;;T143375;;;;;;;;
;;;T78289;;;;;;;;
;;;T62639;;;;;;;;
;;;T105849;;;;;;;;
;;;T102919;;;;;;;;
;;;T133650;;;;;;;;
;;;T143732;;;;;;;;
;;;T167043;;;;;;;;
;;;T136084;;;;;;;;
;;;T223321;;;;;;;;
;;;T167933;;;;;;;;
;;;T95131;;;;;;;;
;;;T199915;;;;;;;;
;;;T105851;;;;;;;;
;;;T204167;;;;;;;;
;;;N43011;;;;;;;;
;;;T105860;;;;;;;;
;;;T103073;;;;;;;;
;;;T105848;;;;;;;;
;;;T105852;;;;;;;;
;;;T85037;;;;;;;;
;;;T84976;;;;;;;;
;;;T95774;;;;;;;;
;;;T77064;;;;;;;;
;;;T108353;;;;;;;;
;;;T146695;;;;;;;;
;;;N41692;;;;;;;;
;;;T128639;;;;;;;;
;;;T206699;;;;;;;;
;;;T120121;;;;;;;;
;;;T86068;;;;;;;;
;;;T124844;;;;;;;;
;;;T202612;;;;;;;;
;;;T129768;;;;;;;;
;;;T129564;;;;;;;;
;;;T27754;;;;;;;;
;;;T144935;;;;;;;;
;;;T87437;;;;;;;;
;;;T147696;;;;;;;;
;;;N35149;;;;;;;;
;;;T202684;;;;;;;;
;;;N33358;;;;;;;;
;;;T32596;;;;;;;;
;;;N1392;;;;;;;;
;;;T162231;;;;;;;;
;;;T26544;;;;;;;;
;;;T170125;;;;;;;;
;;;T166925;;;;;;;;
;;;T85036;;;;;;;;
;;;N6811;;;;;;;;
;;;T5443;;;;;;;;
